{
	"textures": [
		{
			"image": "texture.png",
			"format": "RGBA8888",
			"size": {
				"w": 1650,
				"h": 1980
			},
			"scale": 1,
			"frames": [
				{
					"filename": "Línea de tiempo 1_0000.png",
					"rotated": false,
					"trimmed": false,
					"sourceSize": {
						"w": 550,
						"h": 660
					},
					"spriteSourceSize": {
						"x": 0,
						"y": 0,
						"w": 550,
						"h": 660
					},
					"frame": {
						"x": 0,
						"y": 0,
						"w": 550,
						"h": 660
					}
				},
				{
					"filename": "Línea de tiempo 1_0001.png",
					"rotated": false,
					"trimmed": false,
					"sourceSize": {
						"w": 550,
						"h": 660
					},
					"spriteSourceSize": {
						"x": 0,
						"y": 0,
						"w": 550,
						"h": 660
					},
					"frame": {
						"x": 550,
						"y": 0,
						"w": 550,
						"h": 660
					}
				},
				{
					"filename": "Línea de tiempo 1_0002.png",
					"rotated": false,
					"trimmed": false,
					"sourceSize": {
						"w": 550,
						"h": 660
					},
					"spriteSourceSize": {
						"x": 0,
						"y": 0,
						"w": 550,
						"h": 660
					},
					"frame": {
						"x": 1100,
						"y": 0,
						"w": 550,
						"h": 660
					}
				},
				{
					"filename": "Línea de tiempo 1_0003.png",
					"rotated": false,
					"trimmed": false,
					"sourceSize": {
						"w": 550,
						"h": 660
					},
					"spriteSourceSize": {
						"x": 0,
						"y": 0,
						"w": 550,
						"h": 660
					},
					"frame": {
						"x": 0,
						"y": 660,
						"w": 550,
						"h": 660
					}
				},
				{
					"filename": "Línea de tiempo 1_0004.png",
					"rotated": false,
					"trimmed": false,
					"sourceSize": {
						"w": 550,
						"h": 660
					},
					"spriteSourceSize": {
						"x": 0,
						"y": 0,
						"w": 550,
						"h": 660
					},
					"frame": {
						"x": 550,
						"y": 660,
						"w": 550,
						"h": 660
					}
				},
				{
					"filename": "Línea de tiempo 1_0005.png",
					"rotated": false,
					"trimmed": false,
					"sourceSize": {
						"w": 550,
						"h": 660
					},
					"spriteSourceSize": {
						"x": 0,
						"y": 0,
						"w": 550,
						"h": 660
					},
					"frame": {
						"x": 1100,
						"y": 660,
						"w": 550,
						"h": 660
					}
				},
				{
					"filename": "Línea de tiempo 1_0006.png",
					"rotated": false,
					"trimmed": false,
					"sourceSize": {
						"w": 550,
						"h": 660
					},
					"spriteSourceSize": {
						"x": 0,
						"y": 0,
						"w": 550,
						"h": 660
					},
					"frame": {
						"x": 0,
						"y": 1320,
						"w": 550,
						"h": 660
					}
				},
				{
					"filename": "Línea de tiempo 1_0007.png",
					"rotated": false,
					"trimmed": false,
					"sourceSize": {
						"w": 550,
						"h": 660
					},
					"spriteSourceSize": {
						"x": 0,
						"y": 0,
						"w": 550,
						"h": 660
					},
					"frame": {
						"x": 550,
						"y": 1320,
						"w": 550,
						"h": 660
					}
				},
				{
					"filename": "Línea de tiempo 1_0008.png",
					"rotated": false,
					"trimmed": false,
					"sourceSize": {
						"w": 550,
						"h": 660
					},
					"spriteSourceSize": {
						"x": 0,
						"y": 0,
						"w": 550,
						"h": 660
					},
					"frame": {
						"x": 1100,
						"y": 1320,
						"w": 550,
						"h": 660
					}
				}
			]
		}
	],
	"meta": {
		"app": "http://free-tex-packer.com",
		"version": "0.6.6"
	}
}